<?xml version="1.0" encoding="UTF-8"?>
<beans xmlns="http://www.springframework.org/schema/beans"
	xmlns:xsi="http://www.w3.org/2001/XMLSchema-instance"
	xsi:schemaLocation="http://www.springframework.org/schema/beans http://www.springframework.org/schema/beans/spring-beans.xsd">


	<bean id="helloWorld" class="com.app.simple2_inh.HelloWorld">
		<property name="message1" value="mesg1" />
		<property name="message2" value="mesg2" />
	</bean>
	
	<bean id="helloWorld1" class="com.app.simple2_inh.HelloWorld1">
		<property name="message1" value="mesg1===" />
		<property name="message2" value="mesg2===" />
	</bean>
	
	
	<bean id="helloIndia" class="com.app.simple2_inh.HelloIndia"
		parent="helloWorld1"
		>
		<property name="message1" value="mesg3"   />
		<property name="message3" value="mesg4" />
	</bean>



</beans>
