<?xml version="1.0" encoding="UTF-8"?>
<beans xmlns="http://www.springframework.org/schema/beans"
	xmlns:xsi="http://www.w3.org/2001/XMLSchema-instance"
	xmlns:aop="http://www.springframework.org/schema/aop"
	xmlns:tx="http://www.springframework.org/schema/tx"
	xmlns:context="http://www.springframework.org/schema/context"
	xsi:schemaLocation="http://www.springframework.org/schema/aop http://www.springframework.org/schema/aop/spring-aop-3.2.xsd
		http://www.springframework.org/schema/beans http://www.springframework.org/schema/beans/spring-beans.xsd
		http://www.springframework.org/schema/context http://www.springframework.org/schema/context/spring-context-3.2.xsd
		http://www.springframework.org/schema/tx http://www.springframework.org/schema/tx/spring-tx-3.2.xsd">


<!-- Tells Spring framework to read @Transactional annotation-->
<context:annotation-config/>

<!-- Add this tag to enable annotations transactions --> 
<tx:annotation-driven  transaction-manager="transactionManager" 
  proxy-target-class="true"/>


<bean class="org.springframework.beans.factory.config.PropertyPlaceholderConfigurer">
<property name="location" value="database.properties"/>
</bean>


<!-- datasource -->

	<bean class="org.springframework.jdbc.datasource.DriverManagerDataSource"
		id="dataSource">
		<property name="driverClassName" value="${jdbc.driver}" />
		<property name="url" value="${jdbc.url}" />
		<property name="username" value="${jdbc.username}" />
		<property name="password" value="${jdbc.password}" />
	</bean>


	<!-- Initialization for TransactionManager -->
	<bean id="transactionManager"
		class="org.springframework.jdbc.datasource.DataSourceTransactionManager">
		<property name="dataSource" ref="dataSource" />
	</bean>

	<!-- JdbcTemplate -->
	<bean class="org.springframework.jdbc.core.JdbcTemplate" id="jdbcTemplate">
		<property name="dataSource" ref="dataSource" />
	</bean>

	<!-- AccountDao -->
	<bean class="com.app.jdbc.tx.anno.AccountDaoImpl" id="accountDao">
		<property name="jdbcTemplate" ref="jdbcTemplate" />
	</bean>

</beans>