<?xml version="1.0" encoding="UTF-8"?>
<beans xmlns="http://www.springframework.org/schema/beans"
	xmlns:xsi="http://www.w3.org/2001/XMLSchema-instance"
	xmlns:aop="http://www.springframework.org/schema/aop"
	xmlns:tx="http://www.springframework.org/schema/tx"
	xmlns:context="http://www.springframework.org/schema/context"
	xsi:schemaLocation="http://www.springframework.org/schema/aop http://www.springframework.org/schema/aop/spring-aop-3.2.xsd
		http://www.springframework.org/schema/beans http://www.springframework.org/schema/beans/spring-beans.xsd
		http://www.springframework.org/schema/context http://www.springframework.org/schema/context/spring-context-3.2.xsd
		http://www.springframework.org/schema/tx http://www.springframework.org/schema/tx/spring-tx-3.2.xsd">



<!-- Tells Spring framework to read @Transactional annotation-->
<context:annotation-config/>

<!-- Add this tag to enable annotations transactions --> 
<tx:annotation-driven  transaction-manager="hibernateTransactionManager"  
             proxy-target-class="true"/>


<!-- datasource -->


<bean class="org.springframework.jdbc.datasource.DriverManagerDataSource" id="ds">
<property name="driverClassName" value="oracle.jdbc.driver.OracleDriver"/>
<property name="url" value="jdbc:oracle:thin:@localhost:1521:XE"/>
<property name="username" value="system"/>
<property name="password" value="admin"/>
</bean>


<bean class="org.springframework.orm.hibernate3.LocalSessionFactoryBean" id="localSessionFactoryBean">
<property name="dataSource" ref="ds"/>

<property name="mappingResources">
<list>
<value>Account2.hbm.xml</value>
</list>
</property>

<property name="hibernateProperties">
<props>
<prop key="hibernate.dialect">org.hibernate.dialect.Oracle10gDialect</prop>
<prop key="hibernate.hbm2ddl.auto">create-drop</prop>
<prop key="hibernate.show_sql">true</prop>

</props>
</property>
</bean>


<!--  hibernate transaction manager -->
<bean class="org.springframework.orm.hibernate3.HibernateTransactionManager" id="hibernateTransactionManager">
<property name="dataSource" ref="ds" />
<property name="sessionFactory" ref="localSessionFactoryBean"/>
</bean>






<bean class="org.springframework.orm.hibernate3.HibernateTemplate" id="hibernateTemplate">
<property name="sessionFactory" ref="localSessionFactoryBean"/>
</bean>



<!-- AccountDao -->
<bean class="com.app.hibernate.tx.anno.AccountDaoImpl" id="accountDao">
<property name="hibernateTemplate"  ref="hibernateTemplate"/>
</bean>


</beans>
