<?xml version="1.0" encoding="UTF-8"?>
<beans xmlns="http://www.springframework.org/schema/beans"
	xmlns:xsi="http://www.w3.org/2001/XMLSchema-instance"
	xsi:schemaLocation="http://www.springframework.org/schema/beans http://www.springframework.org/schema/beans/spring-beans.xsd">


<bean  class="org.springframework.beans.factory.config.PropertyPlaceholderConfigurer">
<property name="location" value="database.properties"/>
</bean>


<!-- datasource -->
<bean class="org.springframework.jdbc.datasource.DriverManagerDataSource" id="ds">
<property name="driverClassName" value="${jdbc.driver}"/>
<property name="url" value="${jdbc.url}"/>
<property name="username" value="${jdbc.username}"/>
<property name="password" value="${jdbc.password}"/>
</bean>




<bean class="org.springframework.orm.hibernate3.LocalSessionFactoryBean" id="localSessionFactoryBean">
<property name="dataSource" ref="ds"/>

<property name="mappingResources">
<list>
<value>Account.hbm.xml</value>
</list>
</property>

<property name="hibernateProperties">
<props>
<prop key="hibernate.dialect">org.hibernate.dialect.Oracle10gDialect</prop>
<prop key="hibernate.hbm2ddl.auto">update</prop>
<prop key="hibernate.show_sql">true</prop>
</props>
</property>
</bean>


<bean class="org.springframework.orm.hibernate3.HibernateTemplate" id="hibernateTemplate">
<property name="sessionFactory" ref="localSessionFactoryBean"/>
</bean>

<!-- AccountDao -->
<bean class="com.app.hibernate.AccountDaoImpl" id="accountDao">
<property name="hibernateTemplate"  ref="hibernateTemplate"/>
</bean>

</beans>
